sub.id,sub.no,cond,experiment.duration,user.agent,PA.id,verification,time,ip
1,8,Both,177777,"Mozilla/5.0 (Windows NT 6.1 WOW64) AppleWebKit/537.36 (KHTML, like Gecko) Chrome/44.0.2403.157 Safari/537.36",A3FFZN4FO3Q789,6aif6zua81lzbyb9,19:14:24 Tue 01 Sep 15,108.239.241.47
2,30,Positive,176719,"Mozilla/5.0 (Windows NT 10.0 Win64 x64) AppleWebKit/537.36 (KHTML, like Gecko) Chrome/42.0.2311.135 Safari/537.36 Edge/12.10240",AOTCPS24JM5DQ,592c9veqeweu,19:14:41 Tue 01 Sep 15,75.161.147.234
3,65,Both,218616,"Mozilla/5.0 (Windows NT 5.1 rv:40.0) Gecko/20100101 Firefox/40.0",A1LAZ3AO0NYBC1,6c65iasu2wp,19:16:00 Tue 01 Sep 15,173.168.95.138
4,25,Uniform,266278,"Mozilla/5.0 (Windows NT 10.0 WOW64) AppleWebKit/537.36 (KHTML, like Gecko) Chrome/44.0.2403.155 Safari/537.36",A2CEUCPDECS6U3,6p6ea1w5l82xogvi,19:16:05 Tue 01 Sep 15,173.217.151.132
5,16,Uniform,319569,"Mozilla/5.0 (Windows NT 6.1 WOW64 rv:40.0) Gecko/20100101 Firefox/40.0",A3DFAMWCUGEYTD,5sw7t0kwql7,19:16:51 Tue 01 Sep 15,72.187.52.81
6,78,Positive,266638,"Mozilla/5.0 (Windows NT 6.1 WOW64) AppleWebKit/537.36 (KHTML, like Gecko) Chrome/44.0.2403.157 Safari/537.36",A9FCR1QRZAM3U,283jjaoofw9daemi,19:17:03 Tue 01 Sep 15,68.39.2.167
7,34,Uniform,322370,"Mozilla/5.0 (Windows NT 6.3 WOW64) AppleWebKit/537.36 (KHTML, like Gecko) Chrome/44.0.2403.157 Safari/537.36",A2CFE6AZS73RNS,pez2bmujucgzaor,19:17:11 Tue 01 Sep 15,108.9.245.147
8,19,Uniform,343198,"Mozilla/5.0 (Windows NT 6.1 WOW64) AppleWebKit/537.36 (KHTML, like Gecko) Chrome/44.0.2403.157 Safari/537.36",A1PT63J40GNSZF,xc7joskdzmhrggb9,19:17:16 Tue 01 Sep 15,161.49.249.254
9,17,Both,347298,"Mozilla/5.0 (Windows NT 6.3 WOW64) AppleWebKit/537.36 (KHTML, like Gecko) Chrome/43.0.2357.134 Safari/537.36",A2R794P3E8X0MK,24dqd1foscrkvs4i,19:17:18 Tue 01 Sep 15,24.170.255.212
10,39,Positive,328071,"Mozilla/5.0 (Windows NT 5.1) AppleWebKit/537.36 (KHTML, like Gecko) Chrome/44.0.2403.157 Safari/537.36",A27O2IILV3S5YS,pfi0l9lv0cslwhfr,19:17:19 Tue 01 Sep 15,76.100.124.186
11,36,Positive,333390,"Mozilla/5.0 (Windows NT 6.3 WOW64) AppleWebKit/537.36 (KHTML, like Gecko) Chrome/44.0.2403.157 Safari/537.36",A1BNR1ZAF1QGWG,c5agk8iwt0r4quxr,19:17:21 Tue 01 Sep 15,68.195.42.27
12,23,Both,346910,"Mozilla/5.0 (Windows NT 6.1 WOW64 rv:40.0) Gecko/20100101 Firefox/40.0",AQ277F26ZFB1K,ih1dmfczv5g,19:17:26 Tue 01 Sep 15,107.145.235.90
13,28,Uniform,356681,"Mozilla/5.0 (Windows NT 10.0 WOW64) AppleWebKit/537.36 (KHTML, like Gecko) Chrome/44.0.2403.157 Safari/537.36",A2P6VK1US8OTC5,sv16tzzxnwl2qpvi,19:17:40 Tue 01 Sep 15,71.13.60.106
14,88,Uniform,277972,"Mozilla/5.0 (Windows NT 10.0 WOW64 rv:40.0) Gecko/20100101 Firefox/40.0",A2ZRF4I5RTKN7G,5qn2vb67vlr,19:17:40 Tue 01 Sep 15,73.8.58.17
15,10,Uniform,373785,"Mozilla/5.0 (Windows NT 6.0 WOW64) AppleWebKit/537.36 (KHTML, like Gecko) Chrome/44.0.2403.157 Safari/537.36",A18B016RYNKY3U,q0oys1kjpuv7vi,19:17:42 Tue 01 Sep 15,97.85.68.177
16,74,Both,313244,"Mozilla/5.0 (Windows NT 6.1) AppleWebKit/537.36 (KHTML, like Gecko) Chrome/44.0.2403.157 Safari/537.36",A35BQPABKN4Q8C,dfx7v8swgf9io1or,19:17:45 Tue 01 Sep 15,172.90.176.38
17,93,Positive,268837,"Mozilla/5.0 (Windows NT 6.1 WOW64) AppleWebKit/537.36 (KHTML, like Gecko) Chrome/44.0.2403.157 Safari/537.36",A2Q0G312LESWK7,29pzywrb1fc4n29,19:17:45 Tue 01 Sep 15,70.190.166.156
18,18,Positive,378112,"Mozilla/5.0 (Windows NT 10.0 WOW64) AppleWebKit/537.36 (KHTML, like Gecko) Chrome/44.0.2403.157 Safari/537.36",AOO39X8E3OJYY,8tqhqr7gnb384cxr,19:17:50 Tue 01 Sep 15,98.196.197.236
19,7,Uniform,390989,"Mozilla/5.0 (Windows NT 6.1 WOW64) AppleWebKit/537.36 (KHTML, like Gecko) Chrome/44.0.2403.155 Safari/537.36",A40W0EWYGHNV0,9gqvyacol5t2csor,19:17:56 Tue 01 Sep 15,160.36.72.59
20,89,Both,290498,"Mozilla/5.0 (Windows NT 10.0 WOW64 rv:40.0) Gecko/20100101 Firefox/40.0",ALEJV7D94ZLHF,wz4idpae1nh,19:17:56 Tue 01 Sep 15,24.251.121.150
21,82,Uniform,319165,"Mozilla/5.0 (X11 CrOS x86_64 7077.134.0) AppleWebKit/537.36 (KHTML, like Gecko) Chrome/44.0.2403.156 Safari/537.36",A1ONILGBGJ8Y5K,n86u1g6321sv2t9,19:18:09 Tue 01 Sep 15,71.90.43.25
22,48,Positive,371942,"Mozilla/5.0 (Windows NT 6.1 WOW64 rv:40.0) Gecko/20100101 Firefox/40.0",ATJFUHXPYHISH,l5g8cu6ubl,19:18:10 Tue 01 Sep 15,24.47.176.136
23,76,Uniform,339354,"Mozilla/5.0 (Windows NT 10.0 WOW64) AppleWebKit/537.36 (KHTML, like Gecko) Chrome/44.0.2403.125 Safari/537.36",A339I8W36KWS4Q,eq4xta9jg611yvi,19:18:14 Tue 01 Sep 15,99.18.20.254
24,64,Uniform,383332,"Mozilla/5.0 (Macintosh Intel Mac OS X 10.9 rv:38.0) Gecko/20100101 Firefox/38.0",A32QJF67JMJFKX,bs7qmoeg0b,19:18:41 Tue 01 Sep 15,50.180.51.38
25,67,Uniform,379852,"Mozilla/5.0 (Macintosh Intel Mac OS X 10_10_0) AppleWebKit/537.36 (KHTML, like Gecko) Chrome/44.0.2403.157 Safari/537.36",A1W2G1N4BDF2DW,vpigp4d3mu7919k9,19:18:43 Tue 01 Sep 15,76.29.133.151
26,22,Uniform,434893,"Mozilla/5.0 (Windows NT 6.1 WOW64) AppleWebKit/537.36 (KHTML, like Gecko) Chrome/44.0.2403.157 Safari/537.36",A356795ET25HER,neof68x39qwwxw29,19:18:54 Tue 01 Sep 15,108.249.89.113
27,79,Uniform,378861,"Mozilla/5.0 (Windows NT 6.3 WOW64 rv:40.0) Gecko/20100101 Firefox/40.0",AAS0V105QISPM,sv6nixnf9o,19:18:56 Tue 01 Sep 15,141.219.179.250
28,31,Uniform,439828,"Mozilla/5.0 (Windows NT 10.0 WOW64) AppleWebKit/537.36 (KHTML, like Gecko) Chrome/44.0.2403.157 Safari/537.36",A19WXS1CLVLEEX,sgl8zpeztvhg2e29,19:19:05 Tue 01 Sep 15,75.183.23.232
29,71,Both,407825,"Mozilla/5.0 (Windows NT 6.1 WOW64) AppleWebKit/537.36 (KHTML, like Gecko) Chrome/44.0.2403.157 Safari/537.36",A3579N2TITA69M,pzd3p2o0njw0zfr,19:19:18 Tue 01 Sep 15,75.135.71.165
30,13,Uniform,468150,"Mozilla/5.0 (Windows NT 10.0 WOW64) AppleWebKit/537.36 (KHTML, like Gecko) Chrome/44.0.2403.157 Safari/537.36",A38HODAQUKJKKS,m0o82gcw1zx8byb9,19:19:19 Tue 01 Sep 15,75.137.234.236
31,120,Positive,187850,"Mozilla/5.0 (Windows NT 6.1 WOW64) AppleWebKit/537.36 (KHTML, like Gecko) Chrome/44.0.2403.157 Safari/537.36",A2V9WQ4ZG1NUNP,idj65lihnp0evcxr,19:19:30 Tue 01 Sep 15,71.61.215.224
32,73,Uniform,419448,"Mozilla/5.0 (Windows NT 10.0 WOW64 rv:40.0) Gecko/20100101 Firefox/40.0",A1KFGU5623A7H,v0dwue0qkaa,19:19:31 Tue 01 Sep 15,162.200.49.7
33,32,Both,469684,"Mozilla/5.0 (Windows NT 6.3 WOW64 rv:40.0) Gecko/20100101 Firefox/40.0",A3AIX82WZQZB5A,hgdrw8q18sg,19:19:35 Tue 01 Sep 15,98.236.165.134
34,109,Uniform,336155,"Mozilla/5.0 (Windows NT 10.0 WOW64) AppleWebKit/537.36 (KHTML, like Gecko) Chrome/44.0.2403.157 Safari/537.36",A1XLGIFFGB01EU,w0ft8vh6w0nc23xr,19:19:46 Tue 01 Sep 15,24.7.129.13
35,66,Positive,440402,"Mozilla/5.0 (Windows NT 6.2 WOW64 rv:40.0) Gecko/20100101 Firefox/40.0",A3O81LHBBI8NPK,7aaukoxdtx,19:19:46 Tue 01 Sep 15,72.22.126.30
36,43,Uniform,483788,"Mozilla/5.0 (Windows NT 6.3 Trident/7.0 Touch .NET4.0E .NET4.0C .NET CLR 3.5.30729 .NET CLR 2.0.50727 .NET CLR 3.0.30729 Tablet PC 2.0 GWX:QUALIFIED rv:11.0) like Gecko",A2Y5DDEPG81LLJ,h4xf13dv4qrz,19:19:59 Tue 01 Sep 15,174.54.232.47
37,83,Both,434243,"Mozilla/5.0 (Windows NT 6.3 WOW64 rv:40.0) Gecko/20100101 Firefox/40.0",A2T5CROJ0FWIJY,yivyuh6hpqo,19:20:07 Tue 01 Sep 15,107.5.78.230
38,85,Uniform,433547,"Mozilla/5.0 (Windows NT 6.3 WOW64) AppleWebKit/537.36 (KHTML, like Gecko) Chrome/44.0.2403.157 Safari/537.36",A1ZR0Q2OUOLW51,1m2ewimn53ik9,19:20:07 Tue 01 Sep 15,184.196.244.98
39,72,Positive,456754,"Mozilla/5.0 (Windows NT 6.3 WOW64 rv:40.0) Gecko/20100101 Firefox/40.0",A2BNOEYZ3VRW2R,9w5ogoxwh26,19:20:09 Tue 01 Sep 15,99.13.249.205
40,46,Uniform,511058,"Mozilla/5.0 (Windows NT 6.3 WOW64) AppleWebKit/537.36 (KHTML, like Gecko) Chrome/44.0.2403.157 Safari/537.36",A3NG6M8UG9U20J,9zjqf49svm7mygb9,19:20:29 Tue 01 Sep 15,98.202.225.215
41,121,Uniform,252202,"Mozilla/5.0 (Windows NT 6.1 WOW64) AppleWebKit/537.36 (KHTML, like Gecko) Chrome/44.0.2403.157 Safari/537.36",A3I1W58P6SIV26,igq8x7mjs47bke29,19:20:37 Tue 01 Sep 15,71.61.215.224
42,87,Positive,461435,"Mozilla/5.0 (Windows NT 6.3 WOW64) AppleWebKit/537.36 (KHTML, like Gecko) Chrome/44.0.2403.157 Safari/537.36",A2F79GFUWU5O96,gu1j99dcwbqpvi,19:20:39 Tue 01 Sep 15,68.121.255.154
43,108,Positive,398109,"Mozilla/5.0 (Windows NT 6.1 WOW64) AppleWebKit/537.36 (KHTML, like Gecko) Chrome/44.0.2403.157 Safari/537.36",A2DPKKEEW2I6QK,udzwauzsbrzfr,19:20:42 Tue 01 Sep 15,96.251.123.74
44,2,Both,563820,"Mozilla/5.0 (Windows NT 6.3 WOW64 rv:40.0) Gecko/20100101 Firefox/40.0",ACNID00UIEL1T,8iy00ygxwgd,19:20:42 Tue 01 Sep 15,68.185.211.35
45,41,Both,529336,"Mozilla/5.0 (Windows NT 6.1 WOW64) AppleWebKit/537.36 (KHTML, like Gecko) Chrome/44.0.2403.157 Safari/537.36",A1MYLQQL8BBOYT,qfit6pvag3cy2e29,19:20:42 Tue 01 Sep 15,32.213.151.213
46,15,Positive,551132,"Mozilla/5.0 (Windows NT 6.3 WOW64) AppleWebKit/537.36 (KHTML, like Gecko) Chrome/44.0.2403.157 Safari/537.36",A4T1X0PO5N1G9,2qh6zwt0xjemi,19:20:42 Tue 01 Sep 15,67.3.91.253
47,37,Uniform,550994,"Mozilla/5.0 (Windows NT 6.1) AppleWebKit/537.36 (KHTML, like Gecko) Chrome/44.0.2403.157 Safari/537.36",A1DY4DM16TBFPL,olhsjqg0oe597ldi,19:21:00 Tue 01 Sep 15,67.249.229.4
48,5,Both,590715,"Mozilla/5.0 (Windows NT 10.0 WOW64) AppleWebKit/537.36 (KHTML, like Gecko) Chrome/44.0.2403.157 Safari/537.36",A1KN3TP3P2NJHC,mnzaujuayx3nxw29,19:21:14 Tue 01 Sep 15,98.251.73.101
49,101,Both,462937,"Mozilla/5.0 (Windows NT 10.0 WOW64) AppleWebKit/537.36 (KHTML, like Gecko) Chrome/44.0.2403.157 Safari/537.36",A2AGQGMZVSZVUJ,4wh5iozdx24eu3di,19:21:16 Tue 01 Sep 15,71.93.209.75
50,126,Positive,256129,"Mozilla/5.0 (Windows NT 6.3 WOW64 rv:40.0) Gecko/20100101 Firefox/40.0",AA3F8MM6VNDCX,u1o0tvzkjwa,19:21:18 Tue 01 Sep 15,174.49.112.83
51,11,Both,590512,"Mozilla/5.0 (Windows NT 6.0 rv:40.0) Gecko/20100101 Firefox/40.0",ASFFW3A9FFHPN,gq9rvoxxjw4,19:21:20 Tue 01 Sep 15,68.110.21.72
52,21,Positive,587493,"Mozilla/5.0 (Windows NT 6.1 WOW64) AppleWebKit/537.36 (KHTML, like Gecko) Chrome/44.0.2403.157 Safari/537.36",A1MB3A5MC58LK6,030y9yybw4xtj4i,19:21:25 Tue 01 Sep 15,216.131.74.5
53,91,Uniform,498252,"Mozilla/5.0 (Windows NT 6.0 rv:40.0) Gecko/20100101 Firefox/40.0",A3HNPSPTA0NIR6,ci5dq5w4o4e,19:21:27 Tue 01 Sep 15,97.77.220.82
54,24,Positive,596002,"Mozilla/5.0 (Windows NT 6.1 WOW64) AppleWebKit/537.36 (KHTML, like Gecko) Chrome/44.0.2403.157 Safari/537.36",A3HV3LXW29N30Q,imvuzoiqx4y7rpb9,19:21:34 Tue 01 Sep 15,69.47.122.57
55,40,Uniform,591136,"Mozilla/5.0 (Windows NT 6.1 WOW64 rv:40.0) Gecko/20100101 Firefox/40.0",A34ZSF2JSRXIRP,cxfz7g5nwsw,19:21:43 Tue 01 Sep 15,45.37.51.102
56,29,Both,600223,"Mozilla/5.0 (Windows NT 6.3 WOW64) AppleWebKit/537.36 (KHTML, like Gecko) Chrome/44.0.2403.157 Safari/537.36",A2YCMT5BPA0AG9,fs8u86kga11exw29,19:21:45 Tue 01 Sep 15,76.105.174.144
57,61,Uniform,576126,"Mozilla/5.0 (Windows NT 6.1 WOW64) AppleWebKit/537.36 (KHTML, like Gecko) Chrome/44.0.2403.157 Safari/537.36",A2J7PEUIO2WVUN,es2la48dpjf0qkt9,19:21:53 Tue 01 Sep 15,24.119.254.163
58,27,Positive,617966,"Mozilla/5.0 (Windows NT 6.1 WOW64) AppleWebKit/537.36 (KHTML, like Gecko) Chrome/44.0.2403.157 Safari/537.36",A2FUPODRRCESB,88ub7icmdndn29,19:22:01 Tue 01 Sep 15,184.166.208.134
59,33,Positive,633001,"Mozilla/5.0 (Windows NT 6.1 WOW64 rv:40.0) Gecko/20100101 Firefox/40.0",A8L450UGY77XB,qncl6a36i6,19:22:21 Tue 01 Sep 15,137.99.167.80
60,59,Both,615003,"Mozilla/5.0 (Windows NT 6.3 WOW64) AppleWebKit/537.36 (KHTML, like Gecko) Chrome/44.0.2403.157 Safari/537.36",A3GQRD3530XFM3,a1eby9k14hadcxr,19:22:30 Tue 01 Sep 15,68.36.143.73
61,50,Both,639193,"Mozilla/5.0 (Windows NT 6.1 WOW64 rv:40.0) Gecko/20100101 Firefox/40.0",A3E8SXH0BAYG85,zepis0hfo,19:22:41 Tue 01 Sep 15,75.142.137.145
62,70,Uniform,612475,"Mozilla/5.0 (Windows NT 6.1 WOW64 rv:40.0) Gecko/20100101 Firefox/40.0",A3JI3B5GTVA95F,udwsal26ay,19:22:42 Tue 01 Sep 15,71.196.89.171
63,20,Both,671178,"Mozilla/5.0 (Windows NT 6.3 WOW64) AppleWebKit/537.36 (KHTML, like Gecko) Chrome/44.0.2403.157 Safari/537.36",A24N00FSJO3DZP,dhcj1synraa714i,19:22:47 Tue 01 Sep 15,98.148.176.87
64,4,Uniform,686272,"Mozilla/5.0 (Windows NT 6.3 WOW64) AppleWebKit/537.36 (KHTML, like Gecko) Chrome/44.0.2403.157 Safari/537.36",AS4WHZ0EVURW,f5k9k1drkcdqjjor,19:22:47 Tue 01 Sep 15,173.52.251.186
65,86,Both,592489,"Mozilla/5.0 (Windows NT 6.3 WOW64 rv:40.0) Gecko/20100101 Firefox/40.0",A1P3Z24Y6GRNVA,4wr46wvxoof,19:22:49 Tue 01 Sep 15,23.226.165.254
66,12,Positive,678785,"Mozilla/5.0 (Windows NT 6.1 WOW64) AppleWebKit/537.36 (KHTML, like Gecko) Chrome/44.0.2403.89 Safari/537.36",AGSJDRTI0DUWU,ojqklwod8bvgqfr,19:22:49 Tue 01 Sep 15,98.178.246.199
67,114,Positive,468514,"Mozilla/5.0 (X11 CrOS x86_64 7077.134.0) AppleWebKit/537.36 (KHTML, like Gecko) Chrome/44.0.2403.156 Safari/537.36", A3G5IPGLH1IIZN,s2fthzn39xhzd7vi,19:22:58 Tue 01 Sep 15,108.32.45.233
68,122,Both,397189,"Mozilla/5.0 (Windows NT 6.3 WOW64) AppleWebKit/537.36 (KHTML, like Gecko) Chrome/44.0.2403.89 Safari/537.36",A2NA2OJT15COZY,9ax8j8l82svh1tt9,19:23:05 Tue 01 Sep 15,99.135.147.112
69,81,Positive,626756,"Mozilla/5.0 (Windows NT 10.0 WOW64 rv:40.0) Gecko/20100101 Firefox/40.0",A1O4Q0QVPVBF8M,vfhnd037cl,19:23:05 Tue 01 Sep 15,108.6.178.92
70,112,Uniform,513334,"Mozilla/5.0 (Windows NT 6.1 WOW64) AppleWebKit/537.36 (KHTML, like Gecko) Chrome/44.0.2403.157 Safari/537.36",A1CSDIX05PK9V,awf5himube0442t9,19:23:18 Tue 01 Sep 15,207.59.104.106
71,26,Both,702436,"Mozilla/5.0 (Windows NT 6.3 WOW64) AppleWebKit/537.36 (KHTML, like Gecko) Chrome/44.0.2403.157 Safari/537.36",A1QB42OYEG1553,0b4tn22cj2rcnmi,19:23:23 Tue 01 Sep 15,108.202.70.20
72,62,Both,667955,"Mozilla/5.0 (Windows NT 6.1 Win64 x64) AppleWebKit/537.36 (KHTML, like Gecko) Chrome/44.0.2403.157 Safari/537.36",A3USS4O0RQZ37K,rxl38cpjutdo0f6r,19:23:25 Tue 01 Sep 15,75.181.156.204
73,63,Positive,668441,"Mozilla/5.0 (Windows NT 6.1 WOW64) AppleWebKit/537.36 (KHTML, like Gecko) Chrome/44.0.2403.155 Safari/537.36",A38THML7DR8UXI,vsbfgl0g64fpf1or,19:23:26 Tue 01 Sep 15,99.51.10.85
74,130,Uniform,337471,"Mozilla/5.0 (Windows NT 6.1 WOW64 rv:40.0) Gecko/20100101 Firefox/40.0",A1A2X0T1XE8K89,7j4pf7t36sr,19:23:28 Tue 01 Sep 15,99.169.245.120
75,56,Both,683683,"Mozilla/5.0 (Windows NT 6.3 WOW64) AppleWebKit/537.36 (KHTML, like Gecko) Chrome/44.0.2403.157 Safari/537.36",AD1ILDUXZHASF,sfv4njythx2mx6r,19:23:37 Tue 01 Sep 15,96.238.26.243
76,106,Uniform,590432,"Mozilla/5.0 (Windows NT 6.1 rv:39.0) Gecko/20100101 Firefox/39.0",A26UIS59SY4NM6,oqv9xjn82ge,19:23:41 Tue 01 Sep 15,104.156.228.121
77,100,Uniform,608865,"Mozilla/5.0 (Windows NT 6.1 WOW64) AppleWebKit/537.36 (KHTML, like Gecko) Chrome/44.0.2403.157 Safari/537.36",AUVC78LEL0T6L,7qqdaah14ptx1or,19:23:41 Tue 01 Sep 15,208.78.251.125
78,129,Positive,353566,"Mozilla/5.0 (Windows NT 10.0 WOW64 rv:40.0) Gecko/20100101 Firefox/40.0",A3D9L5CQXK1YJL,90e2scm9ueq,19:23:43 Tue 01 Sep 15,72.23.176.243
79,75,Positive,671033,"Mozilla/5.0 (Windows NT 6.1 WOW64) AppleWebKit/537.36 (KHTML, like Gecko) Chrome/44.0.2403.157 Safari/537.36",A39YBLQYIUBR76,t8iv1dx463fecdi,19:23:43 Tue 01 Sep 15,12.150.181.20
80,55,Uniform,701849,"Mozilla/5.0 (Windows NT 6.1 WOW64) AppleWebKit/537.36 (KHTML, like Gecko) Chrome/44.0.2403.157 Safari/537.36",A1V8MSGK7CVD8B,5pxmk3mjn8060f6r,19:23:54 Tue 01 Sep 15,71.104.53.58
81,42,Positive,744737,"Mozilla/5.0 (Windows NT 6.1 WOW64) AppleWebKit/537.36 (KHTML, like Gecko) Chrome/44.0.2403.157 Safari/537.36",A16TESTJICU76L,j16dfgju4jux47vi,19:24:22 Tue 01 Sep 15,108.193.223.1
82,92,Both,671524,"Mozilla/5.0 (X11 Ubuntu Linux x86_64 rv:39.0) Gecko/20100101 Firefox/39.0",A2NAKIXS3DVGAA,y9ki0ui61si,19:24:24 Tue 01 Sep 15,69.204.147.176
83,143,Both,242070,"Mozilla/5.0 (Windows NT 5.1) AppleWebKit/537.36 (KHTML, like Gecko) Chrome/44.0.2403.157 Safari/537.36",AT3C00TKZK13L,dlf5c9a7c459izfr,19:24:34 Tue 01 Sep 15,201.157.70.142
84,104,Both,660895,"Mozilla/5.0 (Windows NT 10.0 WOW64 rv:40.0) Gecko/20100101 Firefox/40.0",ACVEFRSUAPSEQ,fhe76ih4ks,19:24:40 Tue 01 Sep 15,72.23.176.243
85,38,Both,771395,"Mozilla/5.0 (Windows NT 10.0 WOW64) AppleWebKit/537.36 (KHTML, like Gecko) Chrome/44.0.2403.157 Safari/537.36",A2OXXHGAM7B0Y,gwlinugyg9442t9,19:24:42 Tue 01 Sep 15,45.47.106.124
86,52,Uniform,766737,"Mozilla/5.0 (X11 Linux x86_64 rv:40.0) Gecko/20100101 Firefox/40.0",AK8ONB60Q4RJ5,4s2x586bjs5,19:24:53 Tue 01 Sep 15,47.20.125.119
87,96,Positive,692653,"Mozilla/5.0 (Windows NT 6.3 WOW64 rv:40.0) Gecko/20100101 Firefox/40.0",A1F8MOWCCVDIH2,5ucrq0gqne8,19:24:53 Tue 01 Sep 15,166.181.83.189
88,14,Both,806379,"Mozilla/5.0 (iPhone CPU iPhone OS 8_4_1 like Mac OS X) AppleWebKit/600.1.4 (KHTML, like Gecko) Version/8.0 Mobile/12H321 Safari/600.1.4",A2WUY69027WI43,zit0pesma5,19:24:57 Tue 01 Sep 15,107.77.70.54
89,84,Positive,729780,"Mozilla/5.0 (Windows NT 6.0 rv:40.0) Gecko/20100101 Firefox/40.0",A27LGC4MU1R7PQ,ibvd5fgcyzb,19:25:02 Tue 01 Sep 15,73.53.85.195
90,95,Both,697082,"Mozilla/5.0 (Windows NT 6.3 WOW64) AppleWebKit/537.36 (KHTML, like Gecko) Chrome/44.0.2403.157 Safari/537.36",AW20BA38TBP8O,t5fpak8yx5mf5hfr,19:25:09 Tue 01 Sep 15,68.83.220.231
91,98,Both,710597,"Mozilla/5.0 (Macintosh Intel Mac OS X 10_10_4) AppleWebKit/537.36 (KHTML, like Gecko) Chrome/44.0.2403.157 Safari/537.36",A3RMV9ZGFJ0HHF,ors3cvszyh6ko6r,19:25:13 Tue 01 Sep 15,108.41.123.130
92,110,Both,661162,"Mozilla/5.0 (Macintosh Intel Mac OS X 10_10_0) AppleWebKit/537.36 (KHTML, like Gecko) Chrome/44.0.2403.157 Safari/537.36",A2JCK494NV7TFX,sewaw06mohoos9k9,19:25:13 Tue 01 Sep 15,68.119.204.235
93,68,Both,770337,"Mozilla/5.0 (Windows NT 6.1 WOW64 rv:40.0) Gecko/20100101 Firefox/40.0",A2P065E9CYMYJL,94ae4zmz4ei,19:25:15 Tue 01 Sep 15,98.244.46.243
94,60,Positive,788143,"Mozilla/5.0 (Windows NT 6.1 WOW64) AppleWebKit/537.36 (KHTML, like Gecko) Chrome/44.0.2403.157 Safari/537.36",A248ARSA6FS20S,ft9n5o8btwo5stt9,19:25:25 Tue 01 Sep 15,98.194.76.227
95,107,Both,712504,"Mozilla/5.0 (Windows NT 6.1 WOW64) AppleWebKit/537.36 (KHTML, like Gecko) Chrome/44.0.2403.157 Safari/537.36",AK37IEOYWN5YH,020g9iqisd8nz5mi,19:25:40 Tue 01 Sep 15,99.198.167.194
96,144,Positive,285594,"Mozilla/5.0 (Windows NT 10.0 WOW64) AppleWebKit/537.36 (KHTML, like Gecko) Chrome/44.0.2403.157 Safari/537.36",A2YYQJ3JWA2KGD,h94pgwc4q1kk2o6r,19:25:41 Tue 01 Sep 15,108.69.208.182
97,44,Both,825457,"Mozilla/5.0 (Windows NT 6.1 WOW64 Trident/7.0 SLCC2 .NET CLR 2.0.50727 .NET CLR 3.5.30729 .NET CLR 3.0.30729 Media Center PC 6.0 .NET4.0C .NET4.0E GWX:QUALIFIED rv:11.0) like Gecko",A2GTJ0BD4CG1A2,bt9axbkzeq70,19:25:42 Tue 01 Sep 15,67.3.142.218
98,69,Positive,810480,"Mozilla/5.0 (Windows NT 10.0 WOW64 rv:40.0) Gecko/20100101 Firefox/40.0",A1H6AZSS5DQ0KD,jzoe3vt2hy,19:25:55 Tue 01 Sep 15,76.176.145.151
99,49,Uniform,840031,"Mozilla/5.0 (Linux Android 4.4.2 DP7856K Build/KOT49H) AppleWebKit/537.36 (KHTML, like Gecko) Chrome/44.0.2403.133 Safari/537.36",ACP50SFS4WW3Y,p0rr76u0cedbo6r,19:25:59 Tue 01 Sep 15,68.50.160.35
100,105,Positive,750198,"Mozilla/5.0 (Windows NT 10.0 WOW64) AppleWebKit/537.36 (KHTML, like Gecko) Chrome/44.0.2403.157 Safari/537.36",A3A6AK4E156TVE,xsiruzifz4yam7vi,19:26:10 Tue 01 Sep 15,24.119.135.92
101,103,Uniform,772297,"Mozilla/5.0 (Windows NT 6.0 WOW64) AppleWebKit/537.36 (KHTML, like Gecko) Chrome/44.0.2403.157 Safari/537.36",A280RC0S51YKFT,be22yvafsjpgmn29,19:26:30 Tue 01 Sep 15,73.171.217.143
102,140,Both,406258,"Mozilla/4.0 (compatible MSIE 8.0 Windows NT 6.1 Win64 x64 Trident/4.0 .NET CLR 2.0.50727 SLCC2 .NET CLR 3.5.30729 .NET CLR 3.0.30729 Media Center PC 6.0 CPNTDF .NET4.0E .NET4.0C AskTB5.6)",AWVIOLZUKBNVU,cd9jfzyxvmp6,19:26:32 Tue 01 Sep 15,24.254.212.144
103,127,Uniform,575583,"Mozilla/5.0 (Windows NT 10.0 WOW64 rv:40.0) Gecko/20100101 Firefox/40.0",A3RIBFIB7C8D20,v2o96raa4mp,19:26:40 Tue 01 Sep 15,184.1.212.3
104,132,Positive,538572,"Mozilla/5.0 (Windows NT 10.0 WOW64 rv:40.0) Gecko/20100101 Firefox/40.0",A14NATHUBGL5M9,buxtfd0adh,19:26:59 Tue 01 Sep 15,71.94.85.214
105,94,Uniform,833972,"Mozilla/5.0 (Macintosh Intel Mac OS X 10_7_5) AppleWebKit/537.36 (KHTML, like Gecko) Chrome/44.0.2403.157 Safari/537.36",A21SF3IKIZB0VN,1jdwczb5s3akmx6r,19:27:11 Tue 01 Sep 15,74.161.32.98
106,152,Both,274790,"Mozilla/5.0 (Windows NT 6.3 WOW64 rv:40.0) Gecko/20100101 Firefox/40.0",A3N8JP3QR3VPE8,k2l6k50y6po,19:27:19 Tue 01 Sep 15,73.23.153.157
107,136,Uniform,560804,"Mozilla/5.0 (Windows NT 5.1) AppleWebKit/537.36 (KHTML, like Gecko) Chrome/44.0.2403.157 Safari/537.36",AJ34WB9Z37ILU,43eb7x5desbawcdi,19:27:27 Tue 01 Sep 15,50.173.94.50
108,3,Positive,976954,"Mozilla/5.0 (Windows NT 10.0 WOW64) AppleWebKit/537.36 (KHTML, like Gecko) Chrome/44.0.2403.157 Safari/537.36",AND6DQZ62U6VV,77p4eowl7rq0vn29,19:27:39 Tue 01 Sep 15,76.241.1.61
109,90,Positive,873082,"Mozilla/5.0 (Windows NT 6.1 WOW64) AppleWebKit/537.36 (KHTML, like Gecko) Chrome/44.0.2403.157 Safari/537.36",A3TV036EF6SAQQ,mwndi4ld0ihn0zfr,19:27:40 Tue 01 Sep 15,108.178.203.230
110,125,Both,657720,"Mozilla/5.0 (Windows NT 6.1 WOW64) AppleWebKit/537.36 (KHTML, like Gecko) Chrome/44.0.2403.157 Safari/537.36",A4SC8G0149GEG,nowqq9efti8gp66r,19:27:49 Tue 01 Sep 15,24.49.55.49
111,124,Uniform,683157,"Mozilla/5.0 (Windows NT 6.1 WOW64) AppleWebKit/537.36 (KHTML, like Gecko) Chrome/40.0.2214.91 Safari/537.36",A3GM78FCDY293T,uala6o1qsa6bhuxr,19:28:18 Tue 01 Sep 15,64.134.11.235
112,116,Both,754051,"Mozilla/5.0 (Macintosh Intel Mac OS X 10_10_5) AppleWebKit/537.36 (KHTML, like Gecko) Chrome/44.0.2403.157 Safari/537.36",A35NVKW9R833VF,s5yp2jwhjb57b9,19:28:18 Tue 01 Sep 15,74.72.161.5
113,45,Positive,982283,"Mozilla/5.0 (Windows NT 6.1 WOW64 rv:40.0) Gecko/20100101 Firefox/40.0",A5NE8TWS8ZV7B,u75n6ga16dr,19:28:19 Tue 01 Sep 15,73.135.28.148
114,133,Uniform,639396,"Mozilla/5.0 (Windows NT 6.3 WOW64) AppleWebKit/537.36 (KHTML, like Gecko) Chrome/44.0.2403.157 Safari/537.36",A3B6ANBQU81J1J,fqgmvrpbs7zaor,19:28:46 Tue 01 Sep 15,162.202.104.63
115,117,Positive,783225,"Mozilla/5.0 (Windows NT 6.1 WOW64 rv:40.0) Gecko/20100101 Firefox/40.0",A5HICC1DQ2HCV,v2fx2vxwqu,19:28:58 Tue 01 Sep 15,99.115.12.114
116,154,Uniform,346568,"Mozilla/5.0 (Windows NT 10.0 WOW64) AppleWebKit/537.36 (KHTML, like Gecko) Chrome/44.0.2403.157 Safari/537.36",A130X6CF795CQ5,90o7u72uewwgsyvi,19:29:07 Tue 01 Sep 15,24.175.166.171
117,138,Positive,645290,"Mozilla/5.0 (Windows NT 6.1 WOW64) AppleWebKit/537.36 (KHTML, like Gecko) Chrome/44.0.2403.157 Safari/537.36",A3W6T1WDYXMR3,tvb8x1j2rpgy14i,19:29:33 Tue 01 Sep 15,97.93.212.245
118,148,Uniform,472049,"Mozilla/5.0 (Windows NT 6.3 WOW64) AppleWebKit/537.36 (KHTML, like Gecko) Chrome/44.0.2403.157 Safari/537.36",A3H0XGON3XVK12,kqljxer2zwdpwrk9,19:29:36 Tue 01 Sep 15,75.136.160.128
119,161,Both,225045,"Mozilla/5.0 (Windows NT 6.1 WOW64) AppleWebKit/537.36 (KHTML, like Gecko) Chrome/44.0.2403.157 Safari/537.36",A1QTQISKEHWSKZ,elj0a2uds20ara4i,19:29:37 Tue 01 Sep 15,66.168.96.49
120,0,Positive,876110,"Mozilla/5.0 (Windows NT 6.0 rv:40.0) Gecko/20100101 Firefox/40.0",AZACNY1H74YWS,2z5m3o454zu,19:29:42 Tue 01 Sep 15,184.57.127.183
121,128,Both,742672,"Mozilla/5.0 (Windows NT 6.0) AppleWebKit/537.36 (KHTML, like Gecko) Chrome/44.0.2403.157 Safari/537.36",A1HU9IOTYXB4YY,3s8ny57irpe3ik9,19:29:51 Tue 01 Sep 15,96.231.40.4
122,123,Positive,815589,"Mozilla/5.0 (Windows NT 6.3 WOW64 rv:40.0) Gecko/20100101 Firefox/40.0",A16PU53B41CJ22,bqpx41ui0qk,19:30:22 Tue 01 Sep 15,104.190.154.147
123,6,Positive,1142713,"Mozilla/5.0 (Windows NT 10.0 WOW64) AppleWebKit/537.36 (KHTML, like Gecko) Chrome/44.0.2403.157 Safari/537.36",A1OU9O4WETRJBL,a468x8zmo9bjra4i,19:30:27 Tue 01 Sep 15,184.60.227.217
124,139,Uniform,709956,"Mozilla/5.0 (Windows NT 6.1 WOW64 rv:41.0) Gecko/20100101 Firefox/41.0",AW0MG225VXWCN,g5u16sw2ujb,19:30:39 Tue 01 Sep 15,68.226.163.1
125,97,Uniform,1042824,"Mozilla/5.0 (Windows NT 6.1 WOW64) AppleWebKit/537.36 (KHTML, like Gecko) Chrome/44.0.2403.157 Safari/537.36",AQVP5IH2S6WCB,808gi795sy30udi,19:30:45 Tue 01 Sep 15,63.137.150.235
126,99,Positive,1051029,"Mozilla/5.0 (Windows NT 6.1 WOW64) AppleWebKit/537.36 (KHTML, like Gecko) Chrome/44.0.2403.157 Safari/537.36",AVZOC3OGBQRX2,zlmhfufjezbbj4i,19:30:55 Tue 01 Sep 15,75.111.21.232
127,134,Both,776403,"Mozilla/5.0 (Windows NT 6.3 WOW64) AppleWebKit/537.36 (KHTML, like Gecko) Chrome/44.0.2403.157 Safari/537.36",A173LV77LF3SHB,m5k6cx7q0mdvx6r,19:31:08 Tue 01 Sep 15,68.230.91.79
128,102,Positive,1067555,"Mozilla/5.0 (Windows NT 6.1 WOW64) AppleWebKit/537.36 (KHTML, like Gecko) Chrome/44.0.2403.157 Safari/537.36",A2G7N0X0PNX0EE,5r0zw9py4btvs4i,19:31:23 Tue 01 Sep 15,71.183.46.114
129,156,Positive,457195,"Mozilla/5.0 (Windows NT 6.1 WOW64 rv:40.0) Gecko/20100101 Firefox/40.0",A1XDXU43RJY8X7,lm8020isdia,19:31:34 Tue 01 Sep 15,204.126.138.241
130,80,Both,1137984,"Mozilla/5.0 (Windows NT 10.0 WOW64) AppleWebKit/537.36 (KHTML, like Gecko) Chrome/44.0.2403.157 Safari/537.36",A12FCLCVIM2CL3,l7i2ge9aaonfusor,19:31:35 Tue 01 Sep 15,73.166.225.134
131,149,Both,588315,"Mozilla/5.0 (Windows NT 6.1 WOW64) AppleWebKit/537.36 (KHTML, like Gecko) Chrome/44.0.2403.157 Safari/537.36",A11UQWFUDNIHIL,t7kmapdhigvz33di,19:31:44 Tue 01 Sep 15,24.16.250.189
132,147,Positive,622521,"Mozilla/5.0 (Windows NT 6.1) AppleWebKit/537.36 (KHTML, like Gecko) Chrome/44.0.2403.157 Safari/537.36",A2W3QPD493MHEI,fdxwfaj2botj4i,19:31:51 Tue 01 Sep 15,69.27.217.15
133,160,Uniform,381971,"Mozilla/5.0 (Windows NT 6.3 WOW64 rv:40.0) Gecko/20100101 Firefox/40.0",A3FJWFCS4WM9ER,um9w0k8e8ab,19:32:00 Tue 01 Sep 15,98.215.61.179
134,57,Positive,1210009,"Mozilla/5.0 (Windows NT 6.1 WOW64 rv:39.0) Gecko/20100101 Firefox/39.0",A1ZIFC5AFQCDZT,tn4yqe8kaf,19:32:24 Tue 01 Sep 15,76.119.247.191
135,167,Both,266940,"Mozilla/5.0 (Windows NT 6.1 WOW64) AppleWebKit/537.36 (KHTML, like Gecko) Chrome/44.0.2403.157 Safari/537.36",A2LJAWY0LUIMN1,t9zxesch1nkzw7b9,19:32:31 Tue 01 Sep 15,72.218.214.102
136,168,Positive,292879,"Mozilla/5.0 (Windows NT 6.1 WOW64) AppleWebKit/537.36 (KHTML, like Gecko) Chrome/44.0.2403.157 Safari/537.36",A18TXM6GMU1411,9oc14m5ak85dygb9,19:32:58 Tue 01 Sep 15,72.218.214.102
137,166,Uniform,296697,"Mozilla/5.0 (Windows NT 6.1 Win64 x64) AppleWebKit/537.36 (KHTML, like Gecko) Chrome/47.0.2498.0 Safari/537.36",A10XVEX4101839,ny0tc3vimqiu23xr,19:33:00 Tue 01 Sep 15,72.218.214.102
138,141,Positive,786775,"Mozilla/5.0 (Windows NT 10.0 WOW64) AppleWebKit/537.36 (KHTML, like Gecko) Chrome/44.0.2403.157 Safari/537.36",A3FJCLBK3HF4PD,fgxh8srjf9zr529,19:33:19 Tue 01 Sep 15,69.180.84.248
139,151,Uniform,698366,"Mozilla/5.0 (Windows NT 6.1 WOW64) AppleWebKit/537.36 (KHTML, like Gecko) Chrome/44.0.2403.157 Safari/537.36",A3SI83QHG0L2P1,2hlaogb39rmjkyb9,19:34:12 Tue 01 Sep 15,172.14.153.9
140,51,Positive,1181736,"Mozilla/5.0 (iPad CPU OS 8_4_1 like Mac OS X) AppleWebKit/600.1.4 (KHTML, like Gecko) Version/8.0 Mobile/12H321 Safari/600.1.4",AUAN582MLI96N ,m5x3otsmsaq,19:34:28 Tue 01 Sep 15,70.196.11.35
141,131,Both,1001132,"Mozilla/5.0 (Windows NT 6.1 rv:40.0) Gecko/20100101 Firefox/40.0",A1D0C0LV5259S6,b55a8ihi1ld,19:34:34 Tue 01 Sep 15,67.171.56.43
142,137,Both,951299,"Mozilla/5.0 (Windows NT 6.1 WOW64) AppleWebKit/537.36 (KHTML, like Gecko) Chrome/44.0.2403.157 Safari/537.36",AEF74ZYJTTEIA,uzs4qyu7i418aor,19:34:39 Tue 01 Sep 15,108.171.131.168
143,155,Both,766975,"Mozilla/5.0 (Macintosh Intel Mac OS X 10_10_4) AppleWebKit/537.36 (KHTML, like Gecko) Chrome/44.0.2403.157 Safari/537.36",A150GMV1YQWWB3,gd2e51dat9hsq0k9,19:36:12 Tue 01 Sep 15,98.26.152.72
144,111,Positive,1338826,"Mozilla/5.0 (Windows NT 6.1 Win64 x64) AppleWebKit/537.36 (KHTML, like Gecko) Chrome/47.0.2499.0 Safari/537.36",A2TCIHHKLL8LQC,cj8euiulpxm6ajor,19:36:34 Tue 01 Sep 15,108.46.230.136
145,169,Uniform,490701,"Mozilla/5.0 (Windows NT 6.1 WOW64) AppleWebKit/537.36 (KHTML, like Gecko) Chrome/44.0.2403.157 Safari/537.36",A3J8Y94SGZ3R0E,2scsd992pnyrdx6r,19:36:44 Tue 01 Sep 15,23.27.45.105
146,163,Uniform,656278,"Mozilla/5.0 (Windows NT 6.1 WOW64) AppleWebKit/537.36 (KHTML, like Gecko) Chrome/44.0.2403.157 Safari/537.36",A61GHYNS1DFT7,lqzrahradnyzxgvi,19:36:55 Tue 01 Sep 15,76.94.166.195
147,159,Positive,735214,"Mozilla/5.0 (Windows NT 10.0 WOW64) AppleWebKit/537.36 (KHTML, like Gecko) Chrome/44.0.2403.157 Safari/537.36",A3OXQAC6S9ZPUU,3ap8wx9uqxquayvi,19:37:21 Tue 01 Sep 15,24.154.181.166
148,162,Positive,695576,"Mozilla/5.0 (Windows NT 6.3 WOW64) AppleWebKit/537.36 (KHTML, like Gecko) Chrome/44.0.2403.157 Safari/537.36",A29XL6EF65TG9T,3x8zysenkudkuik9,19:37:33 Tue 01 Sep 15,100.32.152.129
149,172,Uniform,324324,"Mozilla/5.0 (Windows NT 6.1 WOW64) AppleWebKit/537.36 (KHTML, like Gecko) Chrome/44.0.2403.157 Safari/537.36",A39K9RKR1YHQOR,w5ulrq7p489qkt9,19:37:34 Tue 01 Sep 15,73.164.191.32
150,118,Uniform,1368140,"Mozilla/5.0 (Windows NT 6.3 WOW64) AppleWebKit/537.36 (KHTML, like Gecko) Chrome/44.0.2403.157 Safari/537.36",A166A2M31CW2C7,ip7v4g0vwunb3xr,19:38:45 Tue 01 Sep 15,99.101.100.181
151,115,Uniform,1403831,"Mozilla/5.0 (Macintosh Intel Mac OS X 10_10_1) AppleWebKit/537.36 (KHTML, like Gecko) Chrome/44.0.2403.157 Safari/537.36",AO2LJAB0IA1DX,7kbo2cc8dqx2mx6r,19:38:58 Tue 01 Sep 15,209.6.149.76
152,175,Uniform,325038,"Mozilla/5.0 (X11 Linux x86_64 rv:40.0) Gecko/20100101 Firefox/40.0",A1APYLD4DUK33J,sef2ctf08bl,19:39:22 Tue 01 Sep 15,174.77.220.178
153,165,Positive,717236,"Mozilla/5.0 (Windows NT 6.3 Win64 x64) AppleWebKit/537.36 (KHTML, like Gecko) Chrome/45.0.2454.78 Safari/537.36",A20ALQT1HIVSAH,22k51ndrsubrcnmi,19:39:23 Tue 01 Sep 15,184.58.184.43
154,164,Both,796844,"Mozilla/5.0 (Windows NT 6.1) AppleWebKit/537.36 (KHTML, like Gecko) Chrome/44.0.2403.157 Safari/537.36",A3K7UC7LUKV0ZV,6505zoqln0lwstt9,19:39:47 Tue 01 Sep 15,12.204.222.254
155,9,Positive,1700630,"Mozilla/5.0 (X11 CrOS x86_64 7077.134.0) AppleWebKit/537.36 (KHTML, like Gecko) Chrome/44.0.2403.156 Safari/537.36",A38DC3BG1ZCVZ2,jf6lj4jsrtvp9zfr,19:39:48 Tue 01 Sep 15,108.61.228.6
156,158,Both,896709,"Mozilla/5.0 (Windows NT 6.1 WOW64) AppleWebKit/537.36 (KHTML, like Gecko) Chrome/44.0.2403.157 Safari/537.36",A3P74FP62XNVYI,751fi11b7qm5nrk9,19:39:56 Tue 01 Sep 15,73.168.165.36
157,170,Both,583332,"Mozilla/5.0 (Windows NT 6.1 WOW64) AppleWebKit/537.36 (KHTML, like Gecko) Chrome/44.0.2403.157 Safari/537.36",A38VMTKS30TQZB,u8qfrmrh2ncul3di,19:40:14 Tue 01 Sep 15,69.197.108.78
158,153,Positive,1051282,"Mozilla/5.0 (Windows NT 6.1 WOW64) AppleWebKit/537.36 (KHTML, like Gecko) Chrome/44.0.2403.157 Safari/537.36",A3VE0HT1J20HNX,v8lpkuhs0nj6ecdi,19:40:48 Tue 01 Sep 15,98.26.108.75
159,173,Both,535308,"Mozilla/5.0 (Windows NT 6.1) AppleWebKit/537.36 (KHTML, like Gecko) Chrome/44.0.2403.157 Safari/537.36",A1FGN2JF4LCF9B,rvv58guqm362bj4i,19:41:35 Tue 01 Sep 15,207.10.206.241
160,176,Both,454749,"Mozilla/5.0 (Windows NT 10.0 WOW64) AppleWebKit/537.36 (KHTML, like Gecko) Chrome/44.0.2403.157 Safari/537.36", A2MG1LLIKMGAMX,4htl9opat45kx1or,19:41:51 Tue 01 Sep 15,73.222.221.210
161,177,Positive,310931,"Mozilla/5.0 (Linux U Android 4.4.3 en-us KFARWI Build/KTU84M) AppleWebKit/537.36 (KHTML, like Gecko) Silk/3.68 like Chrome/39.0.2171.93 Safari/537.36",A2NJ7N8INZOB00,51apackeowbi6bt9,19:42:37 Tue 01 Sep 15,71.31.200.105
162,174,Positive,715096,"Mozilla/5.0 (Windows NT 6.3 WOW64) AppleWebKit/537.36 (KHTML, like Gecko) Chrome/44.0.2403.157 Safari/537.36",ARVXIBUCA8WDZ,7d5ewpp3ruo6flxr,19:45:20 Tue 01 Sep 15,67.85.43.11
163,146,Both,1531071,"Mozilla/5.0 (Windows NT 10.0 WOW64) AppleWebKit/537.36 (KHTML, like Gecko) Chrome/44.0.2403.157 Safari/537.36",A3D2U4QF7821ZW,0xxfobfur7w1xlxr,19:46:31 Tue 01 Sep 15,74.194.53.126
164,178,Uniform,428226,"Mozilla/5.0 (Windows NT 6.3 WOW64 rv:39.0) Gecko/20100101 Firefox/39.0",A2YO837C0O1E91,c0elrm030ok,19:46:48 Tue 01 Sep 15,50.182.53.0
165,179,Both,602727,"Mozilla/5.0 (Windows NT 5.1) AppleWebKit/537.36 (KHTML, like Gecko) Chrome/44.0.2403.157 Safari/537.36",A4J4GGMKJ68L0,g19vis8dd9bgwrk9,19:50:01 Tue 01 Sep 15,198.24.30.109
166,157,Uniform,1559327,"Mozilla/5.0 (Windows NT 10.0 WOW64 rv:40.0) Gecko/20100101 Firefox/40.0",A2SENAPNSXG9L,bxe1pi27grm,19:50:08 Tue 01 Sep 15,50.175.201.194
167,184,Uniform,313134,"Mozilla/5.0 (X11 CrOS armv7l 7077.134.0) AppleWebKit/537.36 (KHTML, like Gecko) Chrome/44.0.2403.156 Safari/537.36",ASB8T0H7L99RF,387iqgjp9jybke29,19:53:15 Tue 01 Sep 15,104.156.228.162
168,180,Positive,792199,"Mozilla/5.0 (Windows NT 6.1 WOW64) AppleWebKit/537.36 (KHTML, like Gecko) Chrome/44.0.2403.157 Safari/537.36",A1HK7CR71C8BCA,bohm96fdp0jurf6r,19:57:34 Tue 01 Sep 15,79.108.255.248
169,181,Uniform,732198,"Mozilla/5.0 (Windows NT 10.0 WOW64 rv:40.0) Gecko/20100101 Firefox/40.0",AZNIEFUIVB2H0,kijm0yvdvo,19:58:10 Tue 01 Sep 15,98.209.67.163
170,187,Uniform,372721,"Mozilla/5.0 (Windows NT 10.0 WOW64 rv:40.0) Gecko/20100101 Firefox/40.0",A2WUQGSG1LUJG0,kcgf87xfgem,19:58:28 Tue 01 Sep 15,173.27.106.19
171,182,Both,769851,"Mozilla/5.0 (Macintosh Intel Mac OS X 10_6_8) AppleWebKit/537.36 (KHTML, like Gecko) Chrome/44.0.2403.157 Safari/537.36",A2S3MXU8T2I5H0,ovli2iohcl3di,19:59:23 Tue 01 Sep 15,76.167.44.190
172,145,Uniform,2321630,"Mozilla/5.0 (Windows NT 6.1) AppleWebKit/537.36 (KHTML, like Gecko) Chrome/44.0.2403.157 Safari/537.36",A2EPI9A2N9OP3J,4l8egw7r8ukxogvi,19:59:41 Tue 01 Sep 15,63.137.149.224
173,185,Both,633083,"Mozilla/5.0 (Windows NT 6.1 WOW64) AppleWebKit/537.36 (KHTML, like Gecko) Chrome/44.0.2403.157 Safari/537.36",A1OQIXAU1SEJ4P,85s8t2znwz4wvcxr,20:00:07 Tue 01 Sep 15,76.8.170.255
174,113,Both,2736652,"Mozilla/5.0 (Windows NT 10.0 WOW64 rv:40.0) Gecko/20100101 Firefox/40.0",A1B8GYI6D690QX,w4az5fwr1yp,20:00:24 Tue 01 Sep 15,173.49.211.141
175,188,Both,495152,"Mozilla/5.0 (Windows NT 6.1) AppleWebKit/537.36 (KHTML, like Gecko) Chrome/44.0.2403.157 Safari/537.36",AFN5VMMGYPF1I,b1axezj38vrnewmi,20:01:44 Tue 01 Sep 15,184.76.249.71
176,191,Both,370938,"Mozilla/5.0 (Windows NT 10.0 Win64 x64) AppleWebKit/537.36 (KHTML, like Gecko) Chrome/47.0.2497.0 Safari/537.36",A3TK7HVFEKB00R,kjg28xebhv45nrk9,20:08:08 Tue 01 Sep 15,32.208.132.205
177,190,Uniform,626516,"Mozilla/5.0 (Windows NT 6.3 WOW64) AppleWebKit/537.36 (KHTML, like Gecko) Chrome/44.0.2403.157 Safari/537.36",A1N4AZ1QXPOPXH,yjrp7uhz4xxswcdi,20:09:53 Tue 01 Sep 15,50.136.28.73
178,186,Positive,1126929,"Mozilla/5.0 (Windows NT 6.1 WOW64) AppleWebKit/537.36 (KHTML, like Gecko) Chrome/44.0.2403.157 Safari/537.36",A36ZLJPURT0ILP,41o7qci55l4vlsor,20:10:03 Tue 01 Sep 15,50.191.91.44
179,192,Positive,550991,"Mozilla/5.0 (Windows NT 6.3 WOW64) AppleWebKit/537.36 (KHTML, like Gecko) Chrome/44.0.2403.157 Safari/537.36",A2VD133723IZR8,jt9y49pjojiw9udi,20:12:58 Tue 01 Sep 15,98.26.233.41
180,1,Uniform,296979,"Mozilla/5.0 (Windows NT 6.1 WOW64) AppleWebKit/537.36 (KHTML, like Gecko) Chrome/44.0.2403.157 Safari/537.36",A2UIPRZUHUN9OU,vnah0h258ihyf1or,20:19:59 Tue 01 Sep 15,173.57.200.48
181,35,Both,529373,"Mozilla/5.0 (Windows NT 10.0 WOW64) AppleWebKit/537.36 (KHTML, like Gecko) Chrome/44.0.2403.157 Safari/537.36",A37LY5UTJV2KYZ,luagz6kqe1f3l3di,20:31:43 Tue 01 Sep 15,73.200.192.156
182,47,Both,964640,"Mozilla/5.0 (Macintosh Intel Mac OS X 10_10_4) AppleWebKit/537.36 (KHTML, like Gecko) Chrome/44.0.2403.157 Safari/537.36",A27CPVNHWY58DL,m2csk2461c434n29,20:46:07 Tue 01 Sep 15,68.71.64.72
183,53,Both,738903,"Mozilla/5.0 (Windows NT 6.1) AppleWebKit/537.36 (KHTML, like Gecko) Chrome/44.0.2403.157 Safari/537.36",A3J2UG22S8BIW4,fvlwo1bg25ipb9,13:44:49 Thu 03 Sep 15,170.97.167.69
